{"DL": [0.001, 0.001, 0.001, 0.001, 0.001, 0.001, 0.001, 0.001, 0.001, 0.001, 0.001, 0.001, 0.001, 0.001], "DS": [0.002, 0.002, 0.002, 0.002, 0.004, 0.004, 0.004], "TIL": [0.00087, 0.00087, 0.00087, 0.00087, 0.00087, 0.00087, 0.00087, 0.00087, 0.00087, 0.00087, 0.00087, 0.00087, 0.00087, 0.00087], "DLS": [0.0003, 0.0003, 0.0003, 0.0003, 0.0003, 0.0003, 0.0003, 0.0003, 0.0003, 0.0003, 0.0003, 0.0003, 0.0003, 0.0003], "DLT": [0.001, 0.002, 0.001, 0.002, 0.001, 0.003, 0.001, 0.003, 0.001, 0.003, 0.001, 0.003, 0.001, 0.003], "BT": [0.00087, 0.00087, 0.00087, 0.00087, 0.00174, 0.00174, 0.00174]}